{"_step":0,"_timestamp":1.7738872027359765e+09,"val/IoU_Tree":0.8308212738881757,"val/IoU_Rangeland":0.7179234445249462,"val/loss":1.1643762439489365,"val/IoU_Bareland":0.0015474670910205297,"val/IoU_Road":0.8105966801387564,"val/IoU_Agriculture":0.8049022648048405,"_wandb":{"runtime":110},"epoch":1,"epoch_time":107.40429067611694,"lr":9.997532801828658e-05,"train/loss":1.853388452964713,"train/acc":0.820328599681025,"val/mIoU":0.7213205660912256,"_runtime":110,"val/IoU_Building":0.8896688429805042,"val/IoU_Developed":0.8505462331354614,"val/IoU_Water":0.8645583221660996}