{"val/IoU_Bareland":0.9684907224998575,"val/IoU_Developed":0.9286052091742518,"val/IoU_Tree":0.9057154932281153,"val/IoU_Rangeland":0.9491662453629931,"_runtime":4569,"train/loss":0.5909593150349632,"best_miou":0.9487886619284673,"epoch_time":78.74758768081665,"val/loss":1.1843287038306396,"epoch":58,"_wandb":{"runtime":4569},"val/IoU_Road":0.8739472774118427,"train/acc":0.9711353368344514,"lr":3.75655056417573e-05,"_timestamp":1.7738917946614048e+09,"val/IoU_Agriculture":0.9451379437582779,"val/mIoU":0.9295312463100982,"_step":58,"val/IoU_Water":0.9233527202061347,"val/IoU_Building":0.9418343588393125}