{
  "miou": {
    "random_flip": {
      "0.05": 63.99611187460905,
      "0.1": 54.39114536550276,
      "0.15": 47.11718044981936,
      "0.2": 41.237318856370045,
      "0.3": 32.03480506404128
    },
    "boundary": {
      "0.05": 99.18282125268092,
      "0.1": 98.94435442544035,
      "0.15": 93.80185051143097,
      "0.2": 94.05541965077762,
      "0.3": 95.26344911067956
    },
    "region_swap": {
      "0.05": 0.879682767958868,
      "0.1": 1.2008430617196217,
      "0.15": 0.4030556905837286,
      "0.2": 0.7126926013401574,
      "0.3": 0.6645317077636719
    },
    "confusion_based": {
      "0.05": 64.93106902020764,
      "0.1": 56.348888346609286,
      "0.15": 49.68033606853216,
      "0.2": 44.11445591110888,
      "0.3": 35.02426397942225
    },
    "mixed": {
      "0.05": 0.5951537893826497,
      "0.1": 0.6827029584161229,
      "0.15": 0.6942868164179256,
      "0.2": 1.440817506545694,
      "0.3": 1.5542408313100968
    }
  }
}